INSERT INTO public.utente (ssn,nome,cognome,mail,"password") VALUES ('salierno1','Piervincenzo','Salierno','prova.mail.com','password1');
INSERT INTO public.utente (ssn,nome,cognome,mail,"password") VALUES ('spasiano1','Davide','Spasiano','spas.mail.com','password1');

INSERT INTO public.pagina (titolo,dataora,ssn_autore) VALUES ('Basi di dati','2024-02-21 16:38:37.407506','salierno1');
INSERT INTO public.pagina (titolo,dataora,ssn_autore) VALUES ('Object Orientation','2024-02-21 16:53:42.517857','spasiano1');

INSERT INTO public.frase (parola,dataora,stato,ordinefrase,versione,dataoraapprovata,ssn_utente,id_pagina,id_collegamento,id_frasemod) VALUES ('Basi di dati è un corso del secondo anno di informatica','2024-02-21 16:39:04.852736','accettato',1,1,NULL,'salierno1',29,NULL,NULL);
INSERT INTO public.frase (parola,dataora,stato,ordinefrase,versione,dataoraapprovata,ssn_utente,id_pagina,id_collegamento,id_frasemod) VALUES ('In questa pagina si vedranno i principali argomenti di questo corso','2024-02-21 16:42:04.508157','accettato',3,2,'2024-02-21 16:42:04.508157','salierno1',29,NULL,49);
INSERT INTO public.frase (parola,dataora,stato,ordinefrase,versione,dataoraapprovata,ssn_utente,id_pagina,id_collegamento,id_frasemod) VALUES ('In questa pagina si vedranno le principali tematiche di questo corso','2024-02-21 16:40:47.295464','sostituito',3,1,NULL,'salierno1',29,NULL,NULL);
INSERT INTO public.frase (parola,dataora,stato,ordinefrase,versione,dataoraapprovata,ssn_utente,id_pagina,id_collegamento,id_frasemod) VALUES ('Questo corso è gestito dal prof Barra e dalla professoressa Sangiovanni','2024-02-21 16:42:59.903854','accettato',2,2,'2024-02-21 16:42:59.903854','salierno1',29,NULL,48);
INSERT INTO public.frase (parola,dataora,stato,ordinefrase,versione,dataoraapprovata,ssn_utente,id_pagina,id_collegamento,id_frasemod) VALUES ('questo corso è gestito dal prof Barra','2024-02-21 16:39:43.406463','sostituito',2,1,NULL,'salierno1',29,NULL,NULL);
INSERT INTO public.frase (parola,dataora,stato,ordinefrase,versione,dataoraapprovata,ssn_utente,id_pagina,id_collegamento,id_frasemod) VALUES ('Object Orientation è un corso del secondo anno di informatica','2024-02-21 16:54:19.99347','accettato',1,1,NULL,'spasiano1',30,NULL,NULL);
INSERT INTO public.frase (parola,dataora,stato,ordinefrase,versione,dataoraapprovata,ssn_utente,id_pagina,id_collegamento,id_frasemod) VALUES ('Questo corso è gestito dal prof Tramontana','2024-02-21 16:54:53.242109','accettato',2,1,NULL,'spasiano1',30,NULL,NULL);
INSERT INTO public.frase (parola,dataora,stato,ordinefrase,versione,dataoraapprovata,ssn_utente,id_pagina,id_collegamento,id_frasemod) VALUES ('In questa pagina verranno visti i principali argomenti ','2024-02-21 16:55:47.207909','accettato',3,1,NULL,'spasiano1',30,NULL,NULL);
INSERT INTO public.frase (parola,dataora,stato,ordinefrase,versione,dataoraapprovata,ssn_utente,id_pagina,id_collegamento,id_frasemod) VALUES ('ad esempio l utilizzo di j@va','2024-02-21 16:57:13.680591','sostituito',4,1,NULL,'spasiano1',30,NULL,NULL);
INSERT INTO public.frase (parola,dataora,stato,ordinefrase,versione,dataoraapprovata,ssn_utente,id_pagina,id_collegamento,id_frasemod) VALUES ('ad esempio l utilizzo e le funzionalità di java','2024-02-21 16:57:58.959831','accettato',4,3,'2024-02-21 16:57:58.959831','spasiano1',30,NULL,58);
INSERT INTO public.frase (parola,dataora,stato,ordinefrase,versione,dataoraapprovata,ssn_utente,id_pagina,id_collegamento,id_frasemod) VALUES ('ad esempio l utilizzo di java','2024-02-21 16:57:39.0055','sostituito',4,2,'2024-02-21 16:57:39.0055','spasiano1',30,NULL,57);
INSERT INTO public.frase (parola,dataora,stato,ordinefrase,versione,dataoraapprovata,ssn_utente,id_pagina,id_collegamento,id_frasemod) VALUES ('Il fine di questo corso è la creazione e la gestione di un progetto','2024-02-21 16:58:39.640152','accettato',5,1,NULL,'spasiano1',30,NULL,NULL);
INSERT INTO public.frase (parola,dataora,stato,ordinefrase,versione,dataoraapprovata,ssn_utente,id_pagina,id_collegamento,id_frasemod) VALUES ('e sarà collegato al progetto di basi di dati','2024-02-21 16:59:02.113101','accettato',6,1,NULL,'spasiano1',30,29,NULL);
INSERT INTO public.frase (parola,dataora,stato,ordinefrase,versione,dataoraapprovata,ssn_utente,id_pagina,id_collegamento,id_frasemod) VALUES ('questo corso è collegato al corso di Object Orientation','2024-02-21 16:43:53.88211','accettato',4,1,NULL,'salierno1',29,30,NULL);
INSERT INTO public.frase (parola,dataora,stato,ordinefrase,versione,dataoraapprovata,ssn_utente,id_pagina,id_collegamento,id_frasemod) VALUES ('l utilizzo di java è alla base di questo corso','2024-02-21 17:02:52.11838','in_attesa',4,4,NULL,'salierno1',30,NULL,59);
INSERT INTO public.frase (parola,dataora,stato,ordinefrase,versione,dataoraapprovata,ssn_utente,id_pagina,id_collegamento,id_frasemod) VALUES ('In questa pagina si andranno a trattare dei specifici argomenti di programmazione','2024-02-21 17:01:58.444565','rifiutato',3,2,NULL,'salierno1',30,NULL,56);
INSERT INTO public.frase (parola,dataora,stato,ordinefrase,versione,dataoraapprovata,ssn_utente,id_pagina,id_collegamento,id_frasemod) VALUES ('questa è una prova','2024-02-22 12:54:46.409076','accettato',5,2,'2024-02-22 12:54:46.409076','salierno1',29,NULL,53);
INSERT INTO public.frase (parola,dataora,stato,ordinefrase,versione,dataoraapprovata,ssn_utente,id_pagina,id_collegamento,id_frasemod) VALUES ('provaprova','2024-02-21 16:51:42.834066','sostituito',5,1,NULL,'salierno1',29,NULL,NULL);
